{"accuracy": [0.023434992879629135, 0.04398074001073837, 0.05232744663953781, 0.0818619579076767, 0.10754413902759552, 0.14670947194099426, 0.17752808332443237, 0.2333868443965912, 0.2869983911514282, 0.3418940603733063, 0.41252005100250244, 0.47768861055374146, 0.5264847278594971, 0.5878009796142578, 0.6308186054229736, 0.6542536020278931, 0.6947030425071716, 0.7364366054534912, 0.7736757397651672, 0.8019261360168457, 0.7951846122741699, 0.8375601768493652, 0.8510433435440063, 0.8577849268913269, 0.868699848651886, 0.873515248298645, 0.8741573095321655, 0.8991974592208862, 0.897592306137085, 0.9081861972808838], "loss": [7.872113227844238, 3.5532500743865967, 3.4786252975463867, 3.3420958518981934, 3.2058897018432617, 3.0478298664093018, 2.9006285667419434, 2.67956280708313, 2.4704041481018066, 2.235506534576416, 2.015320062637329, 1.7575726509094238, 1.5820112228393555, 1.3604716062545776, 1.2252389192581177, 1.1231871843338013, 1.028851866722107, 0.8435718417167664, 0.767471432685852, 0.668426513671875, 0.7008792161941528, 0.5693037509918213, 0.5169194936752319, 0.5025818347930908, 0.4571320116519928, 0.43840327858924866, 0.42549264430999756, 0.33847588300704956, 0.37312623858451843, 0.3045622408390045], "val_accuracy": [0.045584045350551605, 0.06267806142568588, 0.11396011710166931, 0.21367521584033966, 0.25071224570274353, 0.36752137541770935, 0.4444444477558136, 0.5498575568199158, 0.5868945717811584, 0.7236467003822327, 0.752136766910553, 0.811965823173523, 0.8319088220596313, 0.8518518805503845, 0.874643862247467, 0.8974359035491943, 0.9031339287757874, 0.9031339287757874, 0.9259259104728699, 0.9316239356994629, 0.94017094373703, 0.9287749528884888, 0.9430199265480042, 0.9430199265480042, 0.9373219609260559, 0.9515669345855713, 0.9430199265480042, 0.9287749528884888, 0.9487179517745972, 0.9316239356994629], "val_loss": [3.5827274322509766, 3.5545003414154053, 3.4252867698669434, 3.048339605331421, 2.9014718532562256, 2.585381269454956, 2.302208185195923, 1.8334214687347412, 1.5995532274246216, 1.2767157554626465, 1.0297420024871826, 0.8626062273979187, 0.7085233926773071, 0.5980240702629089, 0.5527781844139099, 0.48169729113578796, 0.4093009829521179, 0.42276373505592346, 0.38003215193748474, 0.34441617131233215, 0.2703225910663605, 0.3953745663166046, 0.27894580364227295, 0.27059751749038696, 0.3088539242744446, 0.2584022283554077, 0.2724684178829193, 0.33871692419052124, 0.3392683267593384, 0.3709355592727661]}